{
    "FileType": "boardsupportpackage",
    "Comment": "Kein Kommentar",
    "BoardName": "vcu118",
    "BlockDesignName": "axi_pcie_mig",
    "ManufacturerBoard": "Xilinx",
    "Drivers":
    [
        {
            "DriverName": "xdma",
            "Instance": 0,
            "Port": 0,
            "Speed": 0
        },
        {
            "DriverName": "usb_uart",
            "Instance": 0,
            "Port": 0,
            "Speed": 9600
        }
    ],
    "pciebars":
    [
        {
            "type": "MMIO",
            "size": "512MB"
        },
        {
            "type": "DMA",
            "size": "64KB"
        }
    ],
    "FPGAs":
    [
        {
            "Manufacturer": "Xilinx",
            "FullNameQualifier": "xcvu9p-flga2104-2L-e",
            "Driver": 0,
            "Bitstream": "1861924e-cbbb-4084-b071-24203af98118.bit",
            "Components":
            [
                {
                    "name": "/xdma_0/M_AXI_LITE/SEG_axi_intc_0_Reg",
                    "offset": "0x00040000",
                    "range": "0x00010000"
                },
                {
                    "name": "/xdma_0/M_AXI_LITE/SEG_axi_timer_0_Reg",
                    "offset": "0x00050000",
                    "range": "0x00010000"
                },
                {
                    "name": "/xdma_0/M_AXI_LITE/SEG_axi_uart_Reg",
                    "offset": "0x00060000",
                    "range": "0x00010000"
                },
                {
                    "name": "/xdma_0/M_AXI_LITE/SEG_system_management_wiz_0_Reg",
                    "offset": "0x00070000",
                    "range": "0x00010000"
                },
                {
                    "name": "/xdma_0/M_AXI_LITE/SEG_axi_gpio_0_Reg",
                    "offset": "0x00200000",
                    "range": "0x00010000"
                },
                {
                    "name": "/xdma_0/M_AXI_LITE/SEG_axi_gpio_1_Reg",
                    "offset": "0x00210000",
                    "range": "0x00010000"
                },
                {
                    "name": "/xdma_0/M_AXI_LITE/SEG_HlsKernel1000_0_Reg",
                    "offset": "0x01000000",
                    "range": "0x00010000"
                },
                {
                    "name": "/xdma_0/M_AXI_LITE/SEG_HlsKernel1001_1_Reg",
                    "offset": "0x01010000",
                    "range": "0x00010000"
                },
                {
                    "name": "/xdma_0/M_AXI/SEG_mig_0_C0_DDR4_ADDRESS_BLOCK",
                    "offset": "0x0000000100000000",
                    "range": "0x0000000100000000"
                },
                {
                    "name": "/HlsKernel1000_0/Data_m_axi_gmem/SEG_mig_0_C0_DDR4_ADDRESS_BLOCK",
                    "offset": "0x0000000100000000",
                    "range": "0x0000000100000000"
                },
                {
                    "name": "/HlsKernel1001_1/Data_m_axi_gmem/SEG_mig_0_C0_DDR4_ADDRESS_BLOCK",
                    "offset": "0x0000000100000000",
                    "range": "0x0000000100000000"
                }
            ]
        }
    ]
}
